name,status,obj,x,iters,time,error,problem
dense,Optimal,-85.09308907642964,"[-10.         -10.           0.59019688   7.02391357   0.75497489
   6.43337246  -0.82298531  10.          10.         -10.
  10.          -8.12270951 -10.           7.9453298  -10.
  -6.71208371 -10.          10.           8.84313475  -1.35488485]",48,0.0028882710030302405,,dense_10x20
dense_nopres,Optimal,-85.09308907642964,"[-10.         -10.           0.59019688   7.02391357   0.75497489
   6.43337246  -0.82298531  10.          10.         -10.
  10.          -8.12270951 -10.           7.9453298  -10.
  -6.71208371 -10.          10.           8.84313475  -1.35488485]",48,0.0026677940040826797,,dense_10x20
dual_dense,Optimal,-85.09308907642964,"[-10.         -10.           0.59019688   7.02391357   0.75497489
   6.43337246  -0.82298531  10.          10.         -10.
  10.          -8.12270951 -10.           7.9453298  -10.
  -6.71208371 -10.          10.           8.84313475  -1.35488485]",48,0.0033767610002541915,,dense_10x20
dual_highs,Optimal,-85.09308907642964,"[-10.0, -10.0, 0.5901968819977603, 7.0239135743371, 0.754974887324177, 6.433372464504704, -0.822985307329035, 10.0, 10.0, -10.0, 10.0, -8.122709512942563, -10.0, 7.945329798716777, -10.0, -6.712083714197311, -10.0, 10.0, 8.843134748079168, -1.3548848468961427]",13,0.0004345560009824112,,dense_10x20
auto_highs,Optimal,-85.09308907642964,"[-10.0, -10.0, 0.5901968819977603, 7.0239135743371, 0.754974887324177, 6.433372464504704, -0.822985307329035, 10.0, 10.0, -10.0, 10.0, -8.122709512942563, -10.0, 7.945329798716777, -10.0, -6.712083714197311, -10.0, 10.0, 8.843134748079168, -1.3548848468961427]",13,0.0001650140038691461,,dense_10x20
dense,Optimal,-272.3427749999715,"[-10.          -8.309247     2.89711699  -0.31198878  -3.86427338
   0.38220714 -10.           4.92329645  10.           3.85188314
   3.12183231 -10.          -4.26030093 -10.          -5.66024587
 -10.          10.         -10.          -7.44637783  -0.73658288
  10.           2.30880655  -5.69236173  -8.56929095  10.
 -10.          -7.34917412  10.          10.         -10.
  -5.75365949  -3.34528901  10.         -10.          10.
 -10.         -10.          10.          10.           2.60256663
 -10.         -10.         -10.          10.         -10.
 -10.          10.           7.87747417 -10.         -10.        ]",186,0.044685597997158766,,dense_20x50
dense_nopres,Optimal,-272.3427749999715,"[-10.          -8.309247     2.89711699  -0.31198878  -3.86427338
   0.38220714 -10.           4.92329645  10.           3.85188314
   3.12183231 -10.          -4.26030093 -10.          -5.66024587
 -10.          10.         -10.          -7.44637783  -0.73658288
  10.           2.30880655  -5.69236173  -8.56929095  10.
 -10.          -7.34917412  10.          10.         -10.
  -5.75365949  -3.34528901  10.         -10.          10.
 -10.         -10.          10.          10.           2.60256663
 -10.         -10.         -10.          10.         -10.
 -10.          10.           7.87747417 -10.         -10.        ]",186,0.04463790099543985,,dense_20x50
dual_dense,Optimal,-272.3427749999715,"[-10.          -8.309247     2.89711699  -0.31198878  -3.86427338
   0.38220714 -10.           4.92329645  10.           3.85188314
   3.12183231 -10.          -4.26030093 -10.          -5.66024587
 -10.          10.         -10.          -7.44637783  -0.73658288
  10.           2.30880655  -5.69236173  -8.56929095  10.
 -10.          -7.34917412  10.          10.         -10.
  -5.75365949  -3.34528901  10.         -10.          10.
 -10.         -10.          10.          10.           2.60256663
 -10.         -10.         -10.          10.         -10.
 -10.          10.           7.87747417 -10.         -10.        ]",186,0.04696851699554827,,dense_20x50
dual_highs,Optimal,-272.3427749999713,"[-10.0, -8.30924700102257, 2.897116985583748, -0.31198878398859636, -3.864273375576219, 0.38220714448600307, -10.0, 4.923296454390871, 10.0, 3.8518831356839174, 3.1218323134577832, -10.0, -4.260300928949847, -10.0, -5.66024587286935, -10.0, 10.0, -10.0, -7.446377829345015, -0.7365828844328186, 10.0, 2.3088065544093457, -5.692361728032399, -8.569290954874132, 10.0, -10.0, -7.349174120255982, 10.0, 10.0, -10.0, -5.753659493763149, -3.345289006693765, 10.0, -10.0, 10.0, -10.0, -10.0, 10.0, 10.0, 2.6025666336669584, -10.0, -10.0, -10.0, 10.0, -10.0, -10.0, 10.0, 7.877474173539849, -10.0, -10.0]",30,0.0005297309980960563,,dense_20x50
auto_highs,Optimal,-272.3427749999713,"[-10.0, -8.30924700102257, 2.897116985583748, -0.31198878398859636, -3.864273375576219, 0.38220714448600307, -10.0, 4.923296454390871, 10.0, 3.8518831356839174, 3.1218323134577832, -10.0, -4.260300928949847, -10.0, -5.66024587286935, -10.0, 10.0, -10.0, -7.446377829345015, -0.7365828844328186, 10.0, 2.3088065544093457, -5.692361728032399, -8.569290954874132, 10.0, -10.0, -7.349174120255982, 10.0, 10.0, -10.0, -5.753659493763149, -3.345289006693765, 10.0, -10.0, 10.0, -10.0, -10.0, 10.0, 10.0, 2.6025666336669584, -10.0, -10.0, -10.0, 10.0, -10.0, -10.0, 10.0, 7.877474173539849, -10.0, -10.0]",30,0.0002910699986387044,,dense_20x50
dense,Optimal,-487.2610670862066,"[  5.01494794  10.         -10.          10.         -10.
  10.          10.           5.59169982  10.          10.
  10.          -1.22069318   0.52992379  10.          -8.21376725
 -10.          -6.76348492  -9.92335991  -6.89405444 -10.
  -5.45618058 -10.          -8.90698193 -10.          -7.64672186
 -10.          10.           7.19206729 -10.         -10.
 -10.          -7.84483693 -10.          10.         -10.
   4.4562805  -10.          -2.59877685   6.20991692   5.00939134
  10.          10.           7.10665314 -10.          -5.96136207
 -10.         -10.         -10.           0.43079618   2.62688656
  10.          10.          10.          -1.04586315   5.44311207
  10.          10.          10.          10.           5.76222346
 -10.          10.          10.           8.29205809   2.86247768
   7.31303871  10.          10.          10.           2.31184507
 -10.          -3.2537226    8.18605362  -1.28097918   6.94679559
  -2.85897187  -4.82387105 -10.           4.6250348   -8.11075354
   6.18350933 -10.           0.63337507  -1.90042466 -10.
   7.43300869  -1.30555808  -3.53650538  10.          -2.48082169
  -5.58741323  10.         -10.          -5.19115708  10.
   0.3335998    2.75553558   9.0043973   -9.32474467   8.52034024]",406,0.6084031910140766,,dense_50x100
dense_nopres,Optimal,-487.2610670862066,"[  5.01494794  10.         -10.          10.         -10.
  10.          10.           5.59169982  10.          10.
  10.          -1.22069318   0.52992379  10.          -8.21376725
 -10.          -6.76348492  -9.92335991  -6.89405444 -10.
  -5.45618058 -10.          -8.90698193 -10.          -7.64672186
 -10.          10.           7.19206729 -10.         -10.
 -10.          -7.84483693 -10.          10.         -10.
   4.4562805  -10.          -2.59877685   6.20991692   5.00939134
  10.          10.           7.10665314 -10.          -5.96136207
 -10.         -10.         -10.           0.43079618   2.62688656
  10.          10.          10.          -1.04586315   5.44311207
  10.          10.          10.          10.           5.76222346
 -10.          10.          10.           8.29205809   2.86247768
   7.31303871  10.          10.          10.           2.31184507
 -10.          -3.2537226    8.18605362  -1.28097918   6.94679559
  -2.85897187  -4.82387105 -10.           4.6250348   -8.11075354
   6.18350933 -10.           0.63337507  -1.90042466 -10.
   7.43300869  -1.30555808  -3.53650538  10.          -2.48082169
  -5.58741323  10.         -10.          -5.19115708  10.
   0.3335998    2.75553558   9.0043973   -9.32474467   8.52034024]",406,0.6136730519938283,,dense_50x100
dual_dense,Optimal,-487.2610670862066,"[  5.01494794  10.         -10.          10.         -10.
  10.          10.           5.59169982  10.          10.
  10.          -1.22069318   0.52992379  10.          -8.21376725
 -10.          -6.76348492  -9.92335991  -6.89405444 -10.
  -5.45618058 -10.          -8.90698193 -10.          -7.64672186
 -10.          10.           7.19206729 -10.         -10.
 -10.          -7.84483693 -10.          10.         -10.
   4.4562805  -10.          -2.59877685   6.20991692   5.00939134
  10.          10.           7.10665314 -10.          -5.96136207
 -10.         -10.         -10.           0.43079618   2.62688656
  10.          10.          10.          -1.04586315   5.44311207
  10.          10.          10.          10.           5.76222346
 -10.          10.          10.           8.29205809   2.86247768
   7.31303871  10.          10.          10.           2.31184507
 -10.          -3.2537226    8.18605362  -1.28097918   6.94679559
  -2.85897187  -4.82387105 -10.           4.6250348   -8.11075354
   6.18350933 -10.           0.63337507  -1.90042466 -10.
   7.43300869  -1.30555808  -3.53650538  10.          -2.48082169
  -5.58741323  10.         -10.          -5.19115708  10.
   0.3335998    2.75553558   9.0043973   -9.32474467   8.52034024]",406,0.7999635779997334,,dense_50x100
dual_highs,Optimal,-487.2610670862053,"[5.014947939311204, 10.0, -10.0, 10.0, -10.0, 10.0, 10.0, 5.59169981973259, 10.0, 10.0, 10.0, -1.2206931833964532, 0.5299237851074207, 10.0, -8.21376725323665, -10.0, -6.763484923675546, -9.923359909375947, -6.894054435986087, -10.0, -5.456180578875466, -10.0, -8.906981925627377, -10.0, -7.646721857463193, -10.0, 10.0, 7.192067291916087, -10.0, -10.0, -10.0, -7.8448369301000875, -10.0, 10.0, -10.0, 4.45628049617326, -10.0, -2.598776845775411, 6.2099169206862435, 5.009391340403068, 10.0, 10.0, 7.106653144786746, -10.0, -5.9613620673164895, -10.0, -10.0, -10.0, 0.43079617840967627, 2.626886559513176, 10.0, 10.0, 10.0, -1.0458631450573919, 5.4431120729989795, 10.0, 10.0, 10.0, 10.0, 5.762223462301895, -10.0, 10.0, 10.0, 8.292058093138143, 2.862477682270013, 7.313038709815942, 10.0, 10.0, 10.0, 2.3118450701615405, -10.0, -3.253722604797164, 8.186053616497832, -1.2809791779514146, 6.946795586108632, -2.8589718678414826, -4.8238710510629526, -10.0, 4.6250348047620085, -8.11075353779711, 6.183509330288931, -10.0, 0.6333750650061347, -1.900424661734164, -10.0, 7.43300868898337, -1.305558075496537, -3.53650538009919, 10.0, -2.4808216854237286, -5.587413229133703, 10.0, -10.0, -5.191157082638037, 10.0, 0.3335998035769731, 2.7555355788744635, 9.00439729724306, -9.324744670369709, 8.520340235010945]",89,0.001333220992819406,,dense_50x100
auto_highs,Optimal,-487.2610670862053,"[5.014947939311204, 10.0, -10.0, 10.0, -10.0, 10.0, 10.0, 5.59169981973259, 10.0, 10.0, 10.0, -1.2206931833964532, 0.5299237851074207, 10.0, -8.21376725323665, -10.0, -6.763484923675546, -9.923359909375947, -6.894054435986087, -10.0, -5.456180578875466, -10.0, -8.906981925627377, -10.0, -7.646721857463193, -10.0, 10.0, 7.192067291916087, -10.0, -10.0, -10.0, -7.8448369301000875, -10.0, 10.0, -10.0, 4.45628049617326, -10.0, -2.598776845775411, 6.2099169206862435, 5.009391340403068, 10.0, 10.0, 7.106653144786746, -10.0, -5.9613620673164895, -10.0, -10.0, -10.0, 0.43079617840967627, 2.626886559513176, 10.0, 10.0, 10.0, -1.0458631450573919, 5.4431120729989795, 10.0, 10.0, 10.0, 10.0, 5.762223462301895, -10.0, 10.0, 10.0, 8.292058093138143, 2.862477682270013, 7.313038709815942, 10.0, 10.0, 10.0, 2.3118450701615405, -10.0, -3.253722604797164, 8.186053616497832, -1.2809791779514146, 6.946795586108632, -2.8589718678414826, -4.8238710510629526, -10.0, 4.6250348047620085, -8.11075353779711, 6.183509330288931, -10.0, 0.6333750650061347, -1.900424661734164, -10.0, 7.43300868898337, -1.305558075496537, -3.53650538009919, 10.0, -2.4808216854237286, -5.587413229133703, 10.0, -10.0, -5.191157082638037, 10.0, 0.3335998035769731, 2.7555355788744635, 9.00439729724306, -9.324744670369709, 8.520340235010945]",89,0.0012847409961977974,,dense_50x100
dense,Optimal,-38.02508766057597,"[0.34783755 0.92489024 0.         0.         0.         0.97842418
 1.42587667 1.31790503 1.69711166 0.         0.         0.3138046
 0.4016736  0.         0.         0.         0.         0.30557993
 2.         0.46262361 2.         0.98257557 0.         0.
 1.07796104 1.79929206 0.         0.         0.         2.
 0.         0.81993334 0.20240372 0.61155348 1.73150228 0.
 0.         0.         0.62387502 0.         0.83218696 0.
 2.         0.47623576 0.         0.         0.         0.
 0.         0.        ]",158,0.02334003800933715,,knapsack_20x50
dense_nopres,Optimal,-38.02508766057597,"[0.34783755 0.92489024 0.         0.         0.         0.97842418
 1.42587667 1.31790503 1.69711166 0.         0.         0.3138046
 0.4016736  0.         0.         0.         0.         0.30557993
 2.         0.46262361 2.         0.98257557 0.         0.
 1.07796104 1.79929206 0.         0.         0.         2.
 0.         0.81993334 0.20240372 0.61155348 1.73150228 0.
 0.         0.         0.62387502 0.         0.83218696 0.
 2.         0.47623576 0.         0.         0.         0.
 0.         0.        ]",158,0.030532593998941593,,knapsack_20x50
dual_dense,Optimal,-38.02508766057597,"[0.34783755 0.92489024 0.         0.         0.         0.97842418
 1.42587667 1.31790503 1.69711166 0.         0.         0.3138046
 0.4016736  0.         0.         0.         0.         0.30557993
 2.         0.46262361 2.         0.98257557 0.         0.
 1.07796104 1.79929206 0.         0.         0.         2.
 0.         0.81993334 0.20240372 0.61155348 1.73150228 0.
 0.         0.         0.62387502 0.         0.83218696 0.
 2.         0.47623576 0.         0.         0.         0.
 0.         0.        ]",158,0.03700965600728523,,knapsack_20x50
dual_highs,Optimal,-38.02508766057596,"[0.34783754566341396, 0.9248902419349653, 0.0, 0.0, 0.0, 0.9784241770379958, 1.4258766716282043, 1.3179050307428188, 1.6971116614952693, 0.0, 0.0, 0.3138045969721101, 0.40167360417196163, 0.0, 0.0, 0.0, 0.0, 0.3055799347865874, 2.0, 0.4626236062561181, 2.0, 0.9825755675192015, 0.0, 0.0, 1.0779610420306047, 1.7992920613342647, 0.0, 0.0, 0.0, 2.0, 0.0, 0.8199333356210851, 0.20240372471871795, 0.6115534847259672, 1.7315022849844337, 0.0, 0.0, 0.0, 0.6238750244193272, 0.0, 0.8321869571681404, 0.0, 2.0, 0.476235764766675, 0.0, 0.0, 0.0, 0.0, 0.0, 0.0]",29,0.0003941989998565987,,knapsack_20x50
auto_highs,Optimal,-38.02508766057596,"[0.34783754566341396, 0.9248902419349653, 0.0, 0.0, 0.0, 0.9784241770379958, 1.4258766716282043, 1.3179050307428188, 1.6971116614952693, 0.0, 0.0, 0.3138045969721101, 0.40167360417196163, 0.0, 0.0, 0.0, 0.0, 0.3055799347865874, 2.0, 0.4626236062561181, 2.0, 0.9825755675192015, 0.0, 0.0, 1.0779610420306047, 1.7992920613342647, 0.0, 0.0, 0.0, 2.0, 0.0, 0.8199333356210851, 0.20240372471871795, 0.6115534847259672, 1.7315022849844337, 0.0, 0.0, 0.0, 0.6238750244193272, 0.0, 0.8321869571681404, 0.0, 2.0, 0.476235764766675, 0.0, 0.0, 0.0, 0.0, 0.0, 0.0]",29,0.00035039700742345303,,knapsack_20x50
dense,Singular,0.0,[0. 0. 0. 0. 0. 0. 0. 0. 0.],18,0.00022783699387218803,,transport_3x3
dense_nopres,Singular,0.0,[0. 0. 0. 0. 0. 0. 0. 0. 0.],18,0.0001782100007403642,,transport_3x3
dual_dense,Singular,0.0,[0. 0. 0. 0. 0. 0. 0. 0. 0.],18,0.0003375189990038052,,transport_3x3
dual_highs,Optimal,51.306185963308245,"[0.0, 1.1790168957297331, 0.0, 0.0, 0.323597180310203, 0.0, 9.422471495975392, 10.819700582455715, 10.79946896812456]",5,0.00014048100274521858,,transport_3x3
auto_highs,Optimal,51.306185963308245,"[0.0, 1.1790168957297331, 0.0, 0.0, 0.323597180310203, 0.0, 9.422471495975392, 10.819700582455715, 10.79946896812456]",5,0.00011914200149476528,,transport_3x3
dense,Optimal,-36.65438923608644,"[-0.97445468  0.28966235  4.06729643 -2.68764536 -1.48804856  0.74318483
  3.37025326 -0.57852218 -0.43937696 -2.16529222  2.27000572 -1.74789382
  1.74861811 -0.44278937 -1.34586843 -0.32448014  0.78883206 -2.42363467
  0.22003065  2.54034006 -4.69594984 -2.66771775  1.65666635 -1.49537648
 -0.31017789  0.08817415  2.63934386  3.07664413 -1.21896039 -0.86908716
 -0.64964156 -0.40869391  1.921149   -1.56751572 -3.75988642 -1.03306162
  2.30792593 -2.72032736  1.27492072 -0.40633488 -1.75498702 -0.01357144
 -0.67992502  0.09244968  0.36316158 -0.1165294  -1.69749177 -0.83863273
 -4.32111753 -0.45593333]",146,0.054863930999999866,,blended_20x50
dense_nopres,Optimal,-36.65438923608644,"[-0.97445468  0.28966235  4.06729643 -2.68764536 -1.48804856  0.74318483
  3.37025326 -0.57852218 -0.43937696 -2.16529222  2.27000572 -1.74789382
  1.74861811 -0.44278937 -1.34586843 -0.32448014  0.78883206 -2.42363467
  0.22003065  2.54034006 -4.69594984 -2.66771775  1.65666635 -1.49537648
 -0.31017789  0.08817415  2.63934386  3.07664413 -1.21896039 -0.86908716
 -0.64964156 -0.40869391  1.921149   -1.56751572 -3.75988642 -1.03306162
  2.30792593 -2.72032736  1.27492072 -0.40633488 -1.75498702 -0.01357144
 -0.67992502  0.09244968  0.36316158 -0.1165294  -1.69749177 -0.83863273
 -4.32111753 -0.45593333]",146,0.05967095300729852,,blended_20x50
dual_dense,Optimal,-36.65438923608644,"[-0.97445468  0.28966235  4.06729643 -2.68764536 -1.48804856  0.74318483
  3.37025326 -0.57852218 -0.43937696 -2.16529222  2.27000572 -1.74789382
  1.74861811 -0.44278937 -1.34586843 -0.32448014  0.78883206 -2.42363467
  0.22003065  2.54034006 -4.69594984 -2.66771775  1.65666635 -1.49537648
 -0.31017789  0.08817415  2.63934386  3.07664413 -1.21896039 -0.86908716
 -0.64964156 -0.40869391  1.921149   -1.56751572 -3.75988642 -1.03306162
  2.30792593 -2.72032736  1.27492072 -0.40633488 -1.75498702 -0.01357144
 -0.67992502  0.09244968  0.36316158 -0.1165294  -1.69749177 -0.83863273
 -4.32111753 -0.45593333]",146,0.04429285100195557,,blended_20x50
dual_highs,Optimal,-36.65438923608644,"[-0.9744546814643043, 0.28966235106488347, 4.067296427145214, -2.6876453614185207, -1.4880485648608919, 0.7431848343550677, 3.3702532603479574, -0.578522184687302, -0.4393769578241775, -2.1652922171937172, 2.2700057169391537, -1.7478938193293243, 1.7486181126280593, -0.44278937448033745, -1.3458684308981264, -0.3244801390314533, 0.7888320566182707, -2.4236346666758224, 0.2200306515511989, 2.5403400640521343, -4.69594984208638, -2.667717753567244, 1.656666349402404, -1.4953764800961387, -0.31017789100544046, 0.08817415316044172, 2.6393438577202595, 3.076644133065279, -1.2189603877430213, -0.869087160308653, -0.6496415554147461, -0.40869390774400993, 1.9211489963431252, -1.567515721173486, -3.759886424215008, -1.0330616215165742, 2.3079259326076396, -2.7203273556183136, 1.2749207203358328, -0.40633487697494747, -1.7549870171447464, -0.013571437070941862, -0.6799250225834275, 0.0924496786391855, 0.3631615785426194, -0.1165293956245345, -1.6974917656489015, -0.8386327301517316, -4.321117532020998, -0.45593332649636475]",29,0.0003317749942652881,,blended_20x50
auto_highs,Optimal,-36.65438923608644,"[-0.9744546814643043, 0.28966235106488347, 4.067296427145214, -2.6876453614185207, -1.4880485648608919, 0.7431848343550677, 3.3702532603479574, -0.578522184687302, -0.4393769578241775, -2.1652922171937172, 2.2700057169391537, -1.7478938193293243, 1.7486181126280593, -0.44278937448033745, -1.3458684308981264, -0.3244801390314533, 0.7888320566182707, -2.4236346666758224, 0.2200306515511989, 2.5403400640521343, -4.69594984208638, -2.667717753567244, 1.656666349402404, -1.4953764800961387, -0.31017789100544046, 0.08817415316044172, 2.6393438577202595, 3.076644133065279, -1.2189603877430213, -0.869087160308653, -0.6496415554147461, -0.40869390774400993, 1.9211489963431252, -1.567515721173486, -3.759886424215008, -1.0330616215165742, 2.3079259326076396, -2.7203273556183136, 1.2749207203358328, -0.40633487697494747, -1.7549870171447464, -0.013571437070941862, -0.6799250225834275, 0.0924496786391855, 0.3631615785426194, -0.1165293956245345, -1.6974917656489015, -0.8386327301517316, -4.321117532020998, -0.45593332649636475]",29,0.0002753389999270439,,blended_20x50
